1,Italian
1,Pasta
1,Tomato Sauce
2,Mexican
2,Tacos
2,Spicy
3,Asian
3,Stir-fry
3,Teriyaki
4,Mediterranean
4,Greek
4,Tzatziki
5,Soup
5,Vegetarian
5,Comfort Food
6,Dessert
6,Chocolate
6,Cake
7,Seafood
7,Shrimp
7,Garlic Butter
8,Italian
8,Pizza
8,Homemade
9,Mexican
9,Enchiladas
9,Cheese
10,Asian
10,Noodles
10,Sesame
11,Mediterranean
11,Salad
11,Olives
12,Soup
12,Healthy
12,Vegetables
13,Mexican
13,Guacamole
13,Tortilla Chips
14,Italian
14,Lasagna
14,Cheese
15,Asian
15,Sushi
15,Soy Sauce
16,Mexican
16,Burritos
16,Beans
17,Mediterranean
17,Hummus
17,Pita Bread
18,Soup
18,Tomato Soup
18,Basil
19,Asian
19,Ramen
19,Spicy
20,Mexican
20,Tacos
20,Avocado
21,Mediterranean
21,Kebabs
21,Tzatziki Sauce
22,Italian
22,Spaghetti
22,Meatballs
23,Dessert
23,Cheesecake
23,Raspberry
24,Seafood
24,Salmon
24,Lemon Butter
25,Mexican
25,Salsa
25,Cilantro
26,Asian
26,Spring Rolls
26,Peanut Sauce
27,Italian
27,Calzone
27,Mozzarella
28,Mediterranean
28,Tabbouleh
28,Cucumber
29,Mexican
29,Nachos
29,Jalapeños
30,Dessert
30,Ice Cream
30,Chocolate Sauce
31,Mexican
31,Enchiladas
31,Cheese
32,Asian
32,Noodles
32,Sesame
33,Mediterranean
33,Salad
33,Olives
34,Soup
34,Healthy
34,Vegetables
35,Mexican
35,Guacamole
35,Tortilla Chips
36,Italian
36,Lasagna
36,Cheese
37,Asian
37,Sushi
37,Soy Sauce
38,Mexican
38,Burritos
38,Beans
39,Mediterranean
39,Hummus
39,Pita Bread
40,Soup
40,Tomato Soup
40,Basil
41,Asian
41,Ramen
41,Spicy
42,Mexican
42,Tacos
42,Avocado
43,Mediterranean
43,Kebabs
43,Tzatziki Sauce
44,Italian
44,Spaghetti
44,Meatballs
45,Dessert
45,Cheesecake
45,Raspberry
46,Seafood
46,Salmon
46,Lemon Butter
47,Mexican
47,Salsa
47,Cilantro
48,Asian
48,Spring Rolls
48,Peanut Sauce
49,Italian
49,Calzone
49,Mozzarella
50,Mediterranean
50,Tabbouleh
50,Cucumber
51,Mexican
51,Nachos
51,Jalapeños
52,Dessert
52,Ice Cream
52,Chocolate Sauce
53,Italian
53,Lasagna
53,Cheese
54,Asian
54,Sushi
54,Soy Sauce
55,Mexican
55,Burritos
55,Beans
56,Mediterranean
56,Hummus
56,Pita Bread
57,Soup
57,Tomato Soup
57,Basil
58,Asian
58,Ramen
58,Spicy
59,Mexican
59,Tacos
59,Avocado
60,Mediterranean
60,Kebabs
60,Tzatziki Sauce
61,Italian
61,Spaghetti
61,Meatballs
62,Dessert
62,Cheesecake
62,Raspberry
63,Seafood
63,Salmon
63,Lemon Butter
64,Mexican
64,Salsa
64,Cilantro
65,Asian
65,Spring Rolls
65,Peanut Sauce
66,Italian
66,Calzone
66,Mozzarella
67,Mediterranean
67,Tabbouleh
67,Cucumber
68,Mexican
68,Nachos
68,Jalapeños
69,Dessert
69,Ice Cream
69,Chocolate Sauce
70,Italian
70,Lasagna
70,Cheese
