1,1,1,This recipe is amazing! I tried it last night and it was a hit with my family.,2023-12-18 12:10:42
2,1,2,I love this dish! It is become a family favorite.,2023-12-18 12:10:42
3,1,3,The flavors are so well-balanced. Great recipe!,2023-12-18 12:10:42
4,1,4,"I added a little extra spice to mine, and it was perfect!",2023-12-18 12:10:42
5,2,5,This pasta is delicious! I make it regularly for dinner.,2023-12-18 12:10:42
6,2,6,Simple yet tasty. My kids love it!,2023-12-18 12:10:42
7,2,7,I like to add some chopped fresh basil for extra flavor.,2023-12-18 12:10:42
8,3,8,"I am a vegetarian, and this recipe is a lifesaver!",2023-12-18 12:10:42
9,3,9,So much flavor in one dish. I cant get enough of it.,2023-12-18 12:10:42
10,3,10,Perfect for a quick and healthy lunch.,2023-12-18 12:10:42
11,4,24,"This recipe is a winner! I served it at a dinner party, and everyone loved it.",2023-12-18 12:10:42
12,4,25,The presentation of this dish is as impressive as the taste.,2023-12-18 12:10:42
13,4,26,"I am a fan of Italian cuisine, and this recipe nails it.",2023-12-18 12:10:42
14,5,27,"This soup is so comforting, especially on a cold day.",2023-12-18 12:10:42
15,5,28,"I added some croutons for crunch, and it was perfect!",2023-12-18 12:10:42
16,5,29,My family requests this soup all the time.,2023-12-18 12:10:42
17,6,30,"I love seafood, and this recipe is now one of my favorites.",2023-12-18 12:10:42
18,6,31,The garlic butter sauce is a game-changer.,2023-12-18 12:10:42
19,6,32,I served this with a side of garlic bread. So good!,2023-12-18 12:10:42
20,7,33,"I am a vegetarian, and this recipe satisfies my cravings.",2023-12-18 12:10:42
21,7,34,The combination of vegetables is fantastic.,2023-12-18 12:10:42
22,7,35,I WIll be making this regularly.,2023-12-18 12:10:42
23,8,41,"I tried this for brunch, and it was a hit with my family.",2023-12-18 12:10:42
24,8,42,"The recipe is easy to follow, and the taste is fantastic.",2023-12-18 12:10:42
25,8,43,I added some avocado slices for extra creaminess.,2023-12-18 12:10:42
26,9,44,This recipe is perfect for a quick dinner.,2023-12-18 12:10:42
27,9,45,The combination of flavors is delightful.,2023-12-18 12:10:42
28,9,46,I will be making this regularly.,2023-12-18 12:10:42
29,10,47,"As a seafood lover, I could not resist trying this recipe.",2023-12-18 12:10:42
30,10,48,The lemony sauce is a game-changer.,2023-12-18 12:10:42
31,10,49,I served it with a side of roasted vegetables. So good!,2023-12-18 12:10:42
32,11,50,"I Am a vegetarian, and this recipe is a go-to for me.",2023-12-18 12:10:42
33,11,51,The spices are just right in this dish.,2023-12-18 12:10:42
34,11,52,I added some cilantro for freshness.,2023-12-18 12:10:42
35,12,56,"I am a fan of Mexican cuisine, and this recipe is a winner!",2023-12-18 12:10:42
36,12,57,The salsa adds a burst of flavor. Love it!,2023-12-18 12:10:42
37,12,58,"I made this for Taco Tuesday, and it was a hit.",2023-12-18 12:10:42
38,13,59,This salad is so refreshing and healthy.,2023-12-18 12:10:42
39,13,60,I like to add some feta cheese for extra creaminess.,2023-12-18 12:10:42
40,13,61,Perfect for a light lunch.,2023-12-18 12:10:42
41,14,62,"I am a seafood lover, and this recipe is a must-try.",2023-12-18 12:10:42
42,14,63,The garlic butter sauce is divine.,2023-12-18 12:10:42
43,14,64,I served this with a side of garlic bread. Delicious!,2023-12-18 12:10:42
44,15,65,"I made this for a dinner date, and it was a hit!",2023-12-19 23:13:41
45,15,66,The presentation of this dish is impressive.,2023-12-19 23:13:41
46,15,67,The combination of flavors is delightful.,2023-12-19 23:13:41
47,16,68,"I am a fan of Asian cuisine, and this recipe is amazing!",2023-12-19 23:13:41
48,16,69,The teriyaki sauce is just perfect.,2023-12-19 23:13:41
49,16,70,I added some sesame seeds for extra crunch.,2023-12-19 23:13:41
50,17,71,"I love Mediterranean food, and this recipe is a winner.",2023-12-19 23:13:41
51,17,72,The tzatziki sauce is so refreshing.,2023-12-19 23:13:41
52,17,73,I served it with pita bread. Yum!,2023-12-19 23:13:41
53,18,74,"This soup is so comforting, especially in the winter.",2023-12-19 23:13:41
54,18,75,I like to garnish it with fresh herbs.,2023-12-19 23:13:41
55,18,76,Perfect for a cozy night in.,2023-12-19 23:13:41
56,18,80,"This soup is incredibly comforting, especially during the winter.",2023-12-19 23:13:41
57,18,81,I like to garnish it with fresh herbs for added flavor.,2023-12-19 23:13:41
58,18,82,Perfect for a cozy night in.,2023-12-19 23:13:41
59,19,83,"I am a vegetarian, and this recipe is a lifesaver!",2023-12-19 23:13:41
60,19,84,The spiciness of this dish is just right.,2023-12-19 23:13:41
61,19,85,"I added plenty of Sriracha sauce, and it was perfect!",2023-12-19 23:13:41
62,20,86,This was a delicious family dinner.,2023-12-19 23:13:41
63,20,87,I squeezed some fresh lemon juice for extra freshness.,2023-12-19 23:13:41
64,20,88,This recipe is my go-to for weekends.,2023-12-19 23:13:41
65,21,89,"I am a fan of Asian flavors, and this recipe nails it!",2023-12-19 23:13:41
66,21,90,The teriyaki sauce is spot on.,2023-12-19 23:13:41
67,21,91,I garnished it with sesame seeds for that extra crunch.,2023-12-19 23:13:41
68,22,95,"I tried this for a family gathering, and it was a hit!",2023-12-19 23:13:41
69,22,96,The combination of flavors is fantastic.,2023-12-19 23:13:41
70,22,97,I added some fresh basil leaves for extra aroma.,2023-12-19 23:13:41
71,23,98,"I am a seafood enthusiast, and this recipe is a must-try.",2023-12-19 23:13:41
72,23,99,The garlic butter sauce is heavenly.,2023-12-19 23:13:41
73,23,100,I served it with a side of garlic bread. So good!,2023-12-19 23:13:41
74,24,1,I made this for a cozy dinner at home.,2023-12-19 23:13:41
75,24,2,The dish was a hit with my friends.,2023-12-19 23:13:41
76,24,3,I will be making this again soon.,2023-12-19 23:13:41
77,25,7,This recipe is a family favorite. So delicious!,2023-12-19 23:13:41
78,26,8,"I made this for a potluck, and it disappeared in no time.",2023-12-19 23:13:41
79,27,9,The combination of flavors in this dish is outstanding.,2023-12-19 23:13:41
80,28,10,This recipe is a weeknight dinner savior. Quick and tasty!,2023-12-19 23:13:41
81,29,11,"I served this at a dinner party, and it was a hit.",2023-12-19 23:13:41
82,30,12,The sauce in this recipe is a game-changer.,2023-12-19 23:13:41
83,31,13,"I am a vegetarian, and this dish satisfies my cravings.",2023-12-19 23:13:41
84,32,14,Perfect recipe for a summer barbecue.,2023-12-19 23:13:41
85,33,15,I added some extra spice to this recipe. It was perfect!,2023-12-19 23:13:41
86,34,16,My family requests this dish all the time.,2023-12-19 23:13:41
87,35,17,The presentation of this recipe is impressive.,2023-12-19 23:13:41
88,36,18,"I served this as an appetizer, and it was a hit!",2023-12-19 23:13:41
89,37,19,This soup is incredibly comforting on a rainy day.,2023-12-19 23:13:41
90,38,20,"I am a fan of Mexican cuisine, and this recipe is top-notch.",2023-12-19 23:13:41
91,39,21,"I made this for a brunch with friends, and it was a hit.",2023-12-19 23:13:41
92,40,22,The combination of ingredients in this recipe is fantastic.,2023-12-19 23:13:41
93,41,23,"I tried this recipe for a special occasion, and it was perfect.",2023-12-19 23:13:41
94,42,24,This dessert is a showstopper. Great for celebrations.,2023-12-19 23:13:41
95,43,25,"I am a seafood lover, and this recipe is a must-try.",2023-12-19 23:13:41
96,44,26,The flavors in this dish are incredible.,2023-12-19 23:13:41
97,45,27,"I made this for a dinner date, and it was a hit!",2023-12-19 23:13:41
98,46,28,This salad is my go-to for a healthy lunch.,2023-12-19 23:13:41
99,47,29,The combination of spices in this recipe is perfect.,2023-12-19 23:13:41
100,48,30,"I served this at a family gathering, and everyone loved it.",2023-12-19 23:13:41
101,49,31,This recipe is perfect for a cozy dinner at home.,2023-12-19 23:13:41
102,50,32,"I am a fan of Italian cuisine, and this recipe delivers.",2023-12-19 23:13:41
103,51,33,I added some extra cheese to this recipe. So indulgent!,2023-12-19 23:13:41
104,52,34,"I made this for a weekend brunch, and it was a hit.",2023-12-19 23:13:41
105,53,35,This dessert is a masterpiece. Loved it!,2023-12-19 23:13:41
106,54,36,"I am a fan of Asian flavors, and this recipe is spot on.",2023-12-19 23:13:41
107,55,37,"I served this at a potluck, and it disappeared quickly.",2023-12-19 23:13:41
108,56,38,The combination of ingredients in this dish is delightful.,2023-12-19 23:13:41
109,57,39,"I made this for a family dinner, and it was a hit.",2023-12-19 23:13:41
110,58,40,This recipe is perfect for a summer barbecue.,2023-12-19 23:13:41
111,59,41,"I am a seafood enthusiast, and this dish is amazing!",2023-12-19 23:13:41
112,60,42,"I made this for a romantic dinner, and it was perfect.",2023-12-19 23:13:41
113,61,43,The presentation of this recipe is impressive.,2023-12-19 23:13:41
114,62,44,"I am a fan of Mexican cuisine, and this recipe delivers.",2023-12-19 23:13:41
115,63,45,"I served this at a dinner party, and everyone loved it.",2023-12-19 23:13:41
116,64,46,The sauce in this recipe is a game-changer.,2023-12-19 23:13:41
117,65,47,"I am a vegetarian, and this dish satisfies my cravings.",2023-12-19 23:13:41
118,66,48,Perfect recipe for a summer barbecue.,2023-12-19 23:13:41
119,67,49,I added some extra spice to this recipe. It was perfect!,2023-12-19 23:13:41
120,68,50,My family requests this dish all the time.,2023-12-19 23:13:41
121,69,51,The presentation of this recipe is impressive.,2023-12-19 23:13:41
122,70,52,"I served this as an appetizer, and it was a hit!",2023-12-19 23:13:41
123,1,22,Test comment,2023-12-24 00:02:14
124,4,100,Sample comment,2023-12-24 00:08:32
125,34,22,Love comment,2023-12-27 00:49:21
126,4,100,Sample comment,2023-12-27 00:53:03
