1,Vegetarian
2,Vegan
3,Gluten-Free
4,Low Carb
5,Dairy-Free
6,Keto
7,Paleo
8,Vegetarian
9,Vegan
10,Gluten-Free
11,Low Carb
12,Dairy-Free
13,Keto
14,Paleo
15,Vegetarian
16,Vegan
17,Gluten-Free
18,Low Carb
19,Dairy-Free
20,Keto
21,Paleo
22,Vegetarian
23,Vegan
24,Gluten-Free
25,Low Carb
26,Dairy-Free
27,Keto
28,Paleo
29,Vegetarian
30,Vegan
31,Dairy-Free
32,Keto
33,Paleo
34,Vegetarian
35,Vegan
36,Gluten-Free
37,Low Carb
38,Dairy-Free
39,Keto
40,Paleo
41,Vegetarian
42,Vegan
43,Gluten-Free
44,Low Carb
45,Dairy-Free
46,Keto
47,Paleo
48,Vegetarian
49,Vegan
50,Gluten-Free
51,Low Carb
52,Dairy-Free
53,Keto
54,Paleo
55,Vegetarian
56,Vegan
57,Gluten-Free
58,Low Carb
59,Dairy-Free
60,Keto
61,Paleo
62,Vegetarian
63,Vegan
64,Gluten-Free
65,Low Carb
66,Dairy-Free
67,Keto
68,Paleo
69,Vegetarian
70,Vegan
