1,1,This recipe is great for family gatherings.
2,2,Don't forget to preheat the oven to 350Â°F.
3,3,You can substitute spinach for kale if you prefer.
4,4,Adjust the spice level to your taste.
5,5,A simple and delicious dessert for any occasion.
6,6,Try adding a squeeze of lemon juice for extra flavor.
7,7,Perfect for a quick weeknight dinner.
8,8,Serve with a side of garlic bread.
9,9,Add extra veggies for a healthier option.
10,10,Pairs well with a glass of red wine.
11,11,Great for meal prep; store leftovers in the fridge.
12,12,Top with grated Parmesan cheese before serving.
13,13,A classic comfort food recipe.
14,14,Perfect for brunch with friends.
15,15,Use fresh herbs for the best flavor.
16,16,A crowd-pleaser at any potluck.
17,17,This recipe is gluten-free and vegan.
18,18,Don't overcook the pasta; al dente is key.
19,19,Marinate the meat overnight for maximum flavor.
20,20,Garnish with chopped cilantro and lime wedges.
21,21,A hearty dish for cold winter nights.
22,22,Adjust the sweetness with honey or maple syrup.
23,23,Use a cast-iron skillet for the best results.
24,24,Perfect for a summer barbecue.
25,25,Pairs well with a side of coleslaw.
26,26,Try different cheese varieties for variety.
27,27,This recipe is a family favorite.
28,28,Serve with a scoop of vanilla ice cream.
29,29,A delicious and healthy option for lunch.
30,30,Don't forget to chill before serving.
31,31,A classic recipe loved by many.
32,32,Try adding a sprinkle of paprika for color.
33,33,Perfect for a summer picnic.
34,34,Serve with a side of fresh fruit.
35,35,Add a drizzle of balsamic glaze for extra flavor.
36,36,Don't forget to season with salt and pepper.
37,37,A great recipe for a weeknight dinner.
38,38,Pair with a glass of Chardonnay.
39,39,Top with chopped chives before serving.
40,40,This recipe is versatile; customize it to your liking.
41,41,A delicious twist on a classic dish.
42,42,Try it with different types of pasta.
43,43,Perfect for a potluck or barbecue.
44,44,Add a pinch of red pepper flakes for heat.
45,45,A family-favorite recipe.
46,46,Serve with a side salad for a complete meal.
47,47,Don't overcook the vegetables; they should be crisp.
48,48,A great option for vegetarians.
49,49,Garnish with fresh parsley for freshness.
50,50,A recipe that's easy to make ahead of time.
51,51,Try it with whole-grain bread for a healthier version.
52,52,Great for a weekend brunch with friends.
53,53,Adjust the sweetness to your preference.
54,54,Serve with a scoop of vanilla ice cream.
55,55,A delightful dessert for any occasion.
56,56,Don't skip the step of marinating the meat.
57,57,A comforting recipe for cold days.
58,58,Pairs well with a glass of red wine.
59,59,Top with grated Parmesan cheese before serving.
60,60,A classic recipe with a modern twist.
61,61,This dish is perfect for family gatherings.
62,62,Don't forget to preheat the oven.
63,63,A recipe that kids will love.
64,64,Serve with a side of garlic bread.
65,65,Perfect for a quick weeknight dinner.
66,66,Pairs well with a side of mashed potatoes.
67,67,Add extra vegetables for a healthier option.
68,68,Try it with different spices for variety.
69,69,A favorite recipe from our kitchen.
70,70,Enjoy this meal with loved ones.
