1,https://www.youtube.com/watch?v=abc123
2,https://www.youtube.com/watch?v=def456
3,https://www.youtube.com/watch?v=ghi789
4,https://www.youtube.com/watch?v=jkl012
5,https://www.youtube.com/watch?v=mno345
6,https://www.youtube.com/watch?v=pqr678
7,https://www.youtube.com/watch?v=stu901
8,https://www.youtube.com/watch?v=vwxyz0
9,https://www.youtube.com/watch?v=123abc
10,https://www.youtube.com/watch?v=456def
11,https://www.youtube.com/watch?v=789ghi
12,https://www.youtube.com/watch?v=012jkl
13,https://www.youtube.com/watch?v=345mno
14,https://www.youtube.com/watch?v=678pqr
15,https://www.youtube.com/watch?v=901stu
16,https://www.youtube.com/watch?v=xyzvw
17,https://www.youtube.com/watch?v=abc123
18,https://www.youtube.com/watch?v=def456
19,https://www.youtube.com/watch?v=ghi789
20,https://www.youtube.com/watch?v=jkl012
21,https://www.youtube.com/watch?v=mno345
22,https://www.youtube.com/watch?v=pqr678
23,https://www.youtube.com/watch?v=stu901
24,https://www.youtube.com/watch?v=vwxyz0
25,https://www.youtube.com/watch?v=123abc
26,https://www.youtube.com/watch?v=456def
27,https://www.youtube.com/watch?v=789ghi
28,https://www.youtube.com/watch?v=012jkl
29,https://www.youtube.com/watch?v=345mno
30,https://www.youtube.com/watch?v=678pqr
31,https://www.youtube.com/watch?v=uvw123
32,https://www.youtube.com/watch?v=xyz456
33,https://www.youtube.com/watch?v=abc789
34,https://www.youtube.com/watch?v=def012
35,https://www.youtube.com/watch?v=ghi345
36,https://www.youtube.com/watch?v=jkl678
37,https://www.youtube.com/watch?v=mno901
38,https://www.youtube.com/watch?v=pqr234
39,https://www.youtube.com/watch?v=stu567
40,https://www.youtube.com/watch?v=vwxyz8
41,https://www.youtube.com/watch?v=123abc9
42,https://www.youtube.com/watch?v=456def7
43,https://www.youtube.com/watch?v=789gh5i
44,https://www.youtube.com/watch?v=012jkl4
45,https://www.youtube.com/watch?v=345mno3
46,https://www.youtube.com/watch?v=678pqr2
47,https://www.youtube.com/watch?v=901stu1
48,https://www.youtube.com/watch?v=xyzvw0
49,https://www.youtube.com/watch?v=uvw123
50,https://www.youtube.com/watch?v=xyz456
51,https://www.youtube.com/watch?v=abc789
52,https://www.youtube.com/watch?v=def012
53,https://www.youtube.com/watch?v=ghi345
54,https://www.youtube.com/watch?v=jkl678
55,https://www.youtube.com/watch?v=mno901
56,https://www.youtube.com/watch?v=pqr234
57,https://www.youtube.com/watch?v=stu567
58,https://www.youtube.com/watch?v=vwxyz8
59,https://www.youtube.com/watch?v=123abc9
60,https://www.youtube.com/watch?v=456def7
61,https://www.youtube.com/watch?v=vwxyz8
62,https://www.youtube.com/watch?v=123abc9
63,https://www.youtube.com/watch?v=456def7
64,https://www.youtube.com/watch?v=789gh5i
65,https://www.youtube.com/watch?v=012jkl4
66,https://www.youtube.com/watch?v=345mno3
67,https://www.youtube.com/watch?v=678pqr2
68,https://www.youtube.com/watch?v=901stu1
69,https://www.youtube.com/watch?v=xyzvw0
70,https://www.youtube.com/watch?v=xyzvw
