1,Cooking Magazine,https://www.cookingmagazine.com/recipe1
2,Food Network,https://www.foodnetwork.com/recipe2
3,Allrecipes,https://www.allrecipes.com/recipe3
4,Epicurious,https://www.epicurious.com/recipe4
5,Tasty,https://www.tasty.com/recipe5
6,Bon Appétit,https://www.bonappetit.com/recipe6
7,Cooking Light,https://www.cookinglight.com/recipe7
8,Food & Wine,https://www.foodandwine.com/recipe8
9,Serious Eats,https://www.seriouseats.com/recipe9
10,Delish,https://www.delish.com/recipe10
11,Cooking Magazine,https://www.cookingmagazine.com/recipe11
12,Food Network,https://www.foodnetwork.com/recipe12
13,Allrecipes,https://www.allrecipes.com/recipe13
14,Epicurious,https://www.epicurious.com/recipe14
15,Tasty,https://www.tasty.com/recipe15
16,Bon Appétit,https://www.bonappetit.com/recipe16
17,Cooking Light,https://www.cookinglight.com/recipe17
18,Food & Wine,https://www.foodandwine.com/recipe18
19,Serious Eats,https://www.seriouseats.com/recipe19
20,Delish,https://www.delish.com/recipe20
21,Cooking Magazine,https://www.cookingmagazine.com/recipe21
22,Food Network,https://www.foodnetwork.com/recipe22
23,Allrecipes,https://www.allrecipes.com/recipe23
24,Epicurious,https://www.epicurious.com/recipe24
25,Tasty,https://www.tasty.com/recipe25
26,Bon Appétit,https://www.bonappetit.com/recipe26
27,Cooking Light,https://www.cookinglight.com/recipe27
28,Food & Wine,https://www.foodandwine.com/recipe28
29,Serious Eats,https://www.seriouseats.com/recipe29
30,Delish,https://www.delish.com/recipe30
31,Cooking Light,https://www.cookinglight.com/recipe31
32,Food & Wine,https://www.foodandwine.com/recipe32
33,Serious Eats,https://www.seriouseats.com/recipe33
34,Delish,https://www.delish.com/recipe34
35,Cooking Magazine,https://www.cookingmagazine.com/recipe35
36,Food Network,https://www.foodnetwork.com/recipe36
37,Allrecipes,https://www.allrecipes.com/recipe37
38,Epicurious,https://www.epicurious.com/recipe38
39,Tasty,https://www.tasty.com/recipe39
40,Bon Appétit,https://www.bonappetit.com/recipe40
41,Cooking Light,https://www.cookinglight.com/recipe41
42,Food & Wine,https://www.foodandwine.com/recipe42
43,Serious Eats,https://www.seriouseats.com/recipe43
44,Delish,https://www.delish.com/recipe44
45,Cooking Magazine,https://www.cookingmagazine.com/recipe45
46,Food Network,https://www.foodnetwork.com/recipe46
47,Allrecipes,https://www.allrecipes.com/recipe47
48,Epicurious,https://www.epicurious.com/recipe48
49,Tasty,https://www.tasty.com/recipe49
50,Bon Appétit,https://www.bonappetit.com/recipe50
51,Cooking Light,https://www.cookinglight.com/recipe51
52,Food & Wine,https://www.foodandwine.com/recipe52
53,Serious Eats,https://www.seriouseats.com/recipe53
54,Delish,https://www.delish.com/recipe54
55,Cooking Magazine,https://www.cookingmagazine.com/recipe55
56,Food Network,https://www.foodnetwork.com/recipe56
57,Allrecipes,https://www.allrecipes.com/recipe57
58,Epicurious,https://www.epicurious.com/recipe58
59,Tasty,https://www.tasty.com/recipe59
60,Bon Appétit,https://www.bonappetit.com/recipe60
61,Cooking Light,https://www.cookinglight.com/recipe61
62,Food & Wine,https://www.foodandwine.com/recipe62
63,Serious Eats,https://www.seriouseats.com/recipe63
64,Delish,https://www.delish.com/recipe64
65,Cooking Magazine,https://www.cookingmagazine.com/recipe65
66,Food Network,https://www.foodnetwork.com/recipe66
67,Allrecipes,https://www.allrecipes.com/recipe67
68,Epicurious,https://www.epicurious.com/recipe68
69,Tasty,https://www.tasty.com/recipe69
70,Bon Appétit,https://www.bonappetit.com/recipe70
