1,alexsmith,hashed_password_1
2,johndoe,hashed_password_2
3,emilyjones,hashed_password_3
4,sarahlee,hashed_password_4
5,michaelbrown,hashed_password_5
6,lauragreen,hashed_password_6
7,davidmiller,hashed_password_7
8,chloewhite,hashed_password_8
9,danielgarcia,hashed_password_9
10,sophiamartinez,hashed_password_10
11,jamesjohnson,hashed_password_11
12,isabelladavis,hashed_password_12
13,oliverrodriguez,hashed_password_13
14,emmalopez,hashed_password_14
15,noahhernandez,hashed_password_15
16,amandawilson,hashed_password_16
17,briananderson,hashed_password_17
18,jessicathomas,hashed_password_18
19,kevinjackson,hashed_password_19
20,sarahmoore,hashed_password_20
21,chriswhite,hashed_password_21
22,megantaylor,hashed_password_22
23,mikerobinson,hashed_password_23
24,amywalker,hashed_password_24
25,justinlee,hashed_password_25
26,caroldavis,hashed_password_26
27,garymartinez,hashed_password_27
28,lisamartin,hashed_password_28
29,paulgarcia,hashed_password_29
30,lindalopez,hashed_password_30
31,natalieharris,hashed_password_31
32,ethanclark,hashed_password_32
33,madisonlewis,hashed_password_33
34,jacobyoung,hashed_password_34
35,rachelallen,hashed_password_35
36,matthewking,hashed_password_36
37,laurenhill,hashed_password_37
38,nicholasscott,hashed_password_38
39,kaylawright,hashed_password_39
40,tylergreen,hashed_password_40
41,abigailadams,hashed_password_41
42,jonathanbaker,hashed_password_42
43,katherinegonzalez,hashed_password_43
44,aaronnelson,hashed_password_44
45,juliacarter,hashed_password_45
46,austinmitchell,hashed_password_46
47,vanessaperez,hashed_password_47
48,andrewroberts,hashed_password_48
49,jasmineturner,hashed_password_49
50,bryancox,hashed_password_50
51,gracephillips,hashed_password_51
52,bradleyrichardson,hashed_password_52
53,oliviarussell,hashed_password_53
54,derekray,hashed_password_54
55,ameliareed,hashed_password_55
56,calebbell,hashed_password_56
57,zoeward,hashed_password_57
58,sethcole,hashed_password_58
59,sophiegray,hashed_password_59
60,connorjames,hashed_password_60
61,haileyfoster,hashed_password_61
62,lucasbrooks,hashed_password_62
63,chloemorris,hashed_password_63
64,gabrielpatterson,hashed_password_64
65,isabellehughes,hashed_password_65
66,masonhoward,hashed_password_66
67,victoriaprice,hashed_password_67
68,owenpowell,hashed_password_68
69,lilylong,hashed_password_69
70,ianparker,hashed_password_70
71,kayleeperry,hashed_password_71
72,liamross,hashed_password_72
73,mayaalexander,hashed_password_73
74,evanmyers,hashed_password_74
75,ariannawatson,hashed_password_75
76,jackreyes,hashed_password_76
77,evelynweaver,hashed_password_77
78,lukeharrison,hashed_password_78
79,zoewhite,hashed_password_79
80,adrianfoster,hashed_password_80
81,scarletthayes,hashed_password_81
82,ryanhunter,hashed_password_82
83,ellieelliott,hashed_password_83
84,jordansimmons,hashed_password_84
85,lucywilliams,hashed_password_85
86,kylemartinez,hashed_password_86
87,sophiathompson,hashed_password_87
88,owenanderson,hashed_password_88
89,miaclark,hashed_password_89
90,hunterrobinson,hashed_password_90
91,emmarussell,hashed_password_91
92,cameronmiller,hashed_password_92
93,isabellabrown,hashed_password_93
94,masondavis,hashed_password_94
95,avawilson,hashed_password_95
96,olivermartin,hashed_password_96
97,charlottelewis,hashed_password_97
98,noahwalker,hashed_password_98
99,harperhall,hashed_password_99
100,liamallen,hashed_password_100
101,user1,password1
102,user2,password2
103,newuser,newpassword
