1,John Doe,john@example.com,profile.jpg,A bio for John Doe.
2,Jane Doe,jane.doe@example.com,https://example.com/profiles/jane.jpg,Passionate about healthy cooking.
3,David Wilson,david.wilson@example.com,https://example.com/profiles/david.jpg,Exploring global cuisines.
4,Sarah Johnson,sarah.johnson@example.com,https://example.com/profiles/sarah.jpg,Foodie and travel enthusiast.
5,Michael Brown,michael.brown@example.com,https://example.com/profiles/michael.jpg,Chef at heart.
6,Emily Davis,emily.davis@example.com,https://example.com/profiles/emily.jpg,Creating culinary masterpieces.
7,Robert Taylor,robert.taylor@example.com,https://example.com/profiles/robert.jpg,Food explorer and critic.
8,Jessica Anderson,jessica.anderson@example.com,https://example.com/profiles/jessica.jpg,Sharing recipes and tips.
9,William Martinez,william.martinez@example.com,https://example.com/profiles/william.jpg,Cooking with love and passion.
10,Maria Lopez,maria.lopez@example.com,https://example.com/profiles/maria.jpg,Home chef on a culinary journey.
11,James Lee,james.lee@example.com,https://example.com/profiles/james.jpg,Food enthusiast and blogger.
12,Jennifer White,jennifer.white@example.com,https://example.com/profiles/jennifer.jpg,Creating delicious memories.
13,Daniel Harris,daniel.harris@example.com,https://example.com/profiles/daniel.jpg,"Chef by choice, foodie by nature."
14,Sophia Clark,sophia.clark@example.com,https://example.com/profiles/sophia.jpg,Cooking up happiness.
15,Joseph Turner,joseph.turner@example.com,https://example.com/profiles/joseph.jpg,Exploring the culinary world.
16,Olivia Hall,olivia.hall@example.com,https://example.com/profiles/olivia.jpg,Food lover and recipe creator.
17,Matthew Adams,matthew.adams@example.com,https://example.com/profiles/matthew.jpg,Cooking is my art.
18,Ava Nelson,ava.nelson@example.com,https://example.com/profiles/ava.jpg,Passionate about flavors.
19,Ethan Baker,ethan.baker@example.com,https://example.com/profiles/ethan.jpg,Food and friends go hand in hand.
20,Grace Green,grace.green@example.com,https://example.com/profiles/grace.jpg,"Savoring life, one dish at a time."
21,Isabella King,isabella.king@example.com,https://example.com/profiles/isabella.jpg,Cooking with a dash of creativity.
22,Liam Harris,liam.harris@example.com,https://example.com/profiles/liam.jpg,"Food is love, food is life."
23,Sophia Turner,sophia.turner@example.com,https://example.com/profiles/sophia.jpg,Exploring culinary delights.
24,Oliver Parker,oliver.parker@example.com,https://example.com/profiles/oliver.jpg,"Eating is a necessity, cooking is an art."
25,Amelia Scott,amelia.scott@example.com,https://example.com/profiles/amelia.jpg,Creating memories with food.
26,Henry Mitchell,henry.mitchell@example.com,https://example.com/profiles/henry.jpg,Spices and flavors make life exciting.
27,Elizabeth Lewis,elizabeth.lewis@example.com,https://example.com/profiles/elizabeth.jpg,Cooking up happiness.
28,Mason Walker,mason.walker@example.com,https://example.com/profiles/mason.jpg,Food enthusiast and recipe creator.
29,Ella Young,ella.young@example.com,https://example.com/profiles/ella.jpg,"Savoring life, one dish at a time."
30,James Baker,james.baker@example.com,https://example.com/profiles/james.jpg,Cooking is my passion.
31,William Brown,william.brown@example.com,https://example.com/profiles/william.jpg,Cooking is my passion.
32,Evelyn Moore,evelyn.moore@example.com,https://example.com/profiles/evelyn.jpg,Food lover and home chef.
33,Alexander Wilson,alexander.wilson@example.com,https://example.com/profiles/alexander.jpg,Passionate about healthy cooking.
34,Samantha Davis,samantha.davis@example.com,https://example.com/profiles/samantha.jpg,Exploring global cuisines.
35,Daniel White,daniel.white@example.com,https://example.com/profiles/daniel.jpg,Foodie and travel enthusiast.
36,Chloe Harris,chloe.harris@example.com,https://example.com/profiles/chloe.jpg,Chef at heart.
37,Jacob Turner,jacob.turner@example.com,https://example.com/profiles/jacob.jpg,Creating culinary masterpieces.
38,Lily Clark,lily.clark@example.com,https://example.com/profiles/lily.jpg,Food explorer and critic.
39,Matthew Lee,matthew.lee@example.com,https://example.com/profiles/matthew.jpg,Sharing recipes and tips.
40,Olivia Thomas,olivia.thomas@example.com,https://example.com/profiles/olivia.jpg,Cooking with love and passion.
41,Aiden Anderson,aiden.anderson@example.com,https://example.com/profiles/aiden.jpg,Home chef on a culinary journey.
42,Madison Martinez,madison.martinez@example.com,https://example.com/profiles/madison.jpg,Food enthusiast and blogger.
43,Henry Lewis,henry.lewis@example.com,https://example.com/profiles/henry.jpg,Creating delicious memories.
44,Emma Turner,emma.turner@example.com,https://example.com/profiles/emma.jpg,"Chef by choice, foodie by nature."
45,Liam Jackson,liam.jackson@example.com,https://example.com/profiles/liam.jpg,Cooking is my art.
46,Abigail Adams,abigail.adams@example.com,https://example.com/profiles/abigail.jpg,Passionate about flavors.
47,James Carter,james.carter@example.com,https://example.com/profiles/james.jpg,Food and friends go hand in hand.
48,Ava Nelson,ava.nelson@example.com,https://example.com/profiles/ava.jpg,"Savoring life, one dish at a time."
49,Ethan Baker,ethan.baker@example.com,https://example.com/profiles/ethan.jpg,Cooking with creativity.
50,Grace Green,grace.green@example.com,https://example.com/profiles/grace.jpg,Exploring the culinary world.
51,Sophie Martin,sophie.martin@example.com,https://example.com/profiles/sophie.jpg,Creating culinary delights.
52,Samuel Turner,samuel.turner@example.com,https://example.com/profiles/samuel.jpg,"Eating is a necessity, cooking is an art."
53,Grace Davis,grace.davis@example.com,https://example.com/profiles/grace.jpg,Creating memories with food.
54,James Wilson,james.wilson@example.com,https://example.com/profiles/james.jpg,Spices and flavors make life exciting.
55,Charlotte Scott,charlotte.scott@example.com,https://example.com/profiles/charlotte.jpg,Cooking up happiness.
56,Benjamin Walker,benjamin.walker@example.com,https://example.com/profiles/benjamin.jpg,Food enthusiast and recipe creator.
57,Zoe Young,zoe.young@example.com,https://example.com/profiles/zoe.jpg,"Savoring life, one dish at a time."
58,Daniel Baker,daniel.baker@example.com,https://example.com/profiles/daniel.jpg,Cooking is my passion.
59,Madison Adams,madison.adams@example.com,https://example.com/profiles/madison.jpg,Food lover and home chef.
60,Oliver Harris,oliver.harris@example.com,https://example.com/profiles/oliver.jpg,Passionate about healthy cooking.
61,Emma Turner,emma.turner@example.com,https://example.com/profiles/emma.jpg,Exploring global cuisines.
62,Noah Mitchell,noah.mitchell@example.com,https://example.com/profiles/noah.jpg,Foodie and travel enthusiast.
63,Ava Thomas,ava.thomas@example.com,https://example.com/profiles/ava.jpg,Chef at heart.
64,William Martin,william.martin@example.com,https://example.com/profiles/william.jpg,Creating culinary masterpieces.
65,Sophia Clark,sophia.clark@example.com,https://example.com/profiles/sophia.jpg,Food explorer and critic.
66,Jackson Lee,jackson.lee@example.com,https://example.com/profiles/jackson.jpg,Sharing recipes and tips.
67,Scarlett Turner,scarlett.turner@example.com,https://example.com/profiles/scarlett.jpg,Cooking with love and passion.
68,Ethan Anderson,ethan.anderson@example.com,https://example.com/profiles/ethan.jpg,Home chef on a culinary journey.
69,Aria Martinez,aria.martinez@example.com,https://example.com/profiles/aria.jpg,Food enthusiast and blogger.
70,Henry Lewis,henry.lewis@example.com,https://example.com/profiles/henry.jpg,Creating delicious memories.
71,Olivia Turner,olivia.turner@example.com,https://example.com/profiles/olivia.jpg,"Chef by choice, foodie by nature."
72,Liam Jackson,liam.jackson@example.com,https://example.com/profiles/liam.jpg,Cooking is my art.
73,Mia Adams,mia.adams@example.com,https://example.com/profiles/mia.jpg,Passionate about flavors.
74,James Carter,james.carter@example.com,https://example.com/profiles/james.jpg,Food and friends go hand in hand.
75,Ava Nelson,ava.nelson@example.com,https://example.com/profiles/ava.jpg,"Savoring life, one dish at a time."
76,Ethan Baker,ethan.baker@example.com,https://example.com/profiles/ethan.jpg,Cooking with creativity.
77,Grace Green,grace.green@example.com,https://example.com/profiles/grace.jpg,Exploring the culinary world.
78,Liam Mitchell,liam.mitchell@example.com,https://example.com/profiles/liam.jpg,Cooking is my therapy.
79,Oliver Harris,oliver.harris@example.com,https://example.com/profiles/oliver.jpg,Passionate about culinary experiments.
80,Emma Turner,emma.turner@example.com,https://example.com/profiles/emma.jpg,Exploring global cuisines.
81,Noah Mitchell,noah.mitchell@example.com,https://example.com/profiles/noah.jpg,Foodie and travel enthusiast.
82,Ava Thomas,ava.thomas@example.com,https://example.com/profiles/ava.jpg,Chef at heart.
83,William Martin,william.martin@example.com,https://example.com/profiles/william.jpg,Creating culinary masterpieces.
84,Sophia Clark,sophia.clark@example.com,https://example.com/profiles/sophia.jpg,Food explorer and critic.
85,Jackson Lee,jackson.lee@example.com,https://example.com/profiles/jackson.jpg,Sharing recipes and tips.
86,Scarlett Turner,scarlett.turner@example.com,https://example.com/profiles/scarlett.jpg,Cooking with love and passion.
87,Ethan Anderson,ethan.anderson@example.com,https://example.com/profiles/ethan.jpg,Home chef on a culinary journey.
88,Aria Martinez,aria.martinez@example.com,https://example.com/profiles/aria.jpg,Food enthusiast and blogger.
89,Henry Lewis,henry.lewis@example.com,https://example.com/profiles/henry.jpg,Creating delicious memories.
90,Olivia Turner,olivia.turner@example.com,https://example.com/profiles/olivia.jpg,"Chef by choice, foodie by nature."
91,Liam Jackson,liam.jackson@example.com,https://example.com/profiles/liam.jpg,Cooking is my art.
92,Mia Adams,mia.adams@example.com,https://example.com/profiles/mia.jpg,Passionate about flavors.
93,James Carter,james.carter@example.com,https://example.com/profiles/james.jpg,Food and friends go hand in hand.
94,Ava Nelson,ava.nelson@example.com,https://example.com/profiles/ava.jpg,"Savoring life, one dish at a time."
95,Ethan Baker,ethan.baker@example.com,https://example.com/profiles/ethan.jpg,Cooking with creativity.
96,Grace Green,grace.green@example.com,https://example.com/profiles/grace.jpg,Exploring the culinary world.
97,Liam Mitchell,liam.mitchell@example.com,https://example.com/profiles/liam.jpg,Cooking is my therapy.
98,Isabella King,isabella.king@example.com,https://example.com/profiles/isabella.jpg,Cooking with a dash of creativity.
99,Liam Harris,liam.harris@example.com,https://example.com/profiles/liam.jpg,"Food is love, food is life."
100,Sophia Turner,sophia.turner@example.com,https://example.com/profiles/sophia.jpg,Exploring culinary delights.
